transaction_id,timestamp,sender_account,receiver_account,amount,currency,sender_device_id,receiver_device_id,sender_ip,receiver_ip
ORD-001,2026-01-15T09:00:00+00:00,01001,01002,1200,INR,,,,
ORD-002,2026-01-15T10:30:00+00:00,01002,01003,350,INR,,,,
BOUND-001,2026-01-15T09:00:00+00:00,09001,09002,1000,USD,,,,
BOUND-002,2026-01-15T09:25:00+00:00,09002,09003,900,USD,,,,
FAN-IN-1,2026-01-15T09:10:00+00:00,11001,00100,12000,INR,,,,
FAN-IN-2,2026-01-15T09:11:00+00:00,11002,00100,14000,INR,,,,
FAN-IN-3,2026-01-15T09:12:00+00:00,11003,00100,10000,INR,,,,
FAN-IN-4,2026-01-15T09:13:00+00:00,11004,00100,12000,INR,,,,
FAN-OUT-1,2026-01-15T09:16:00+00:00,00100,12001,23000,INR,,,,
FAN-OUT-2,2026-01-15T09:17:00+00:00,00100,12002,22000,INR,,,,
CYCLE-1,2026-01-15T09:30:00+00:00,00200,00201,9000,INR,,,,
CYCLE-2,2026-01-15T09:34:00+00:00,00201,00202,8700,INR,,,,
CYCLE-3,2026-01-15T09:39:00+00:00,00202,00200,8400,INR,,,,
CHAIN-1,2026-01-15T09:50:00+00:00,00300,00301,7000,INR,,,,
CHAIN-2,2026-01-15T09:54:00+00:00,00301,00302,6800,INR,,,,
CHAIN-3,2026-01-15T09:58:00+00:00,00302,00303,6500,INR,,,,
FX-1,2026-01-15T09:12:00+00:00,11001,00100,500,USD,,,,
FX-2,2026-01-15T09:14:00+00:00,00100,12001,450,USD,,,,
